{
  "project_info": {
    "project_number": "540299483527",
    "firebase_url": "https://thewizardst-a1f16.firebaseio.com",
    "project_id": "thewizardst-a1f16",
    "storage_bucket": "thewizardst-a1f16.appspot.com"
  },
  "client": [
    {
      "client_info": {
        "mobilesdk_app_id": "1:540299483527:android:0e39eaa34cb2d390",
        "android_client_info": {
          "package_name": "co.edu.ecosistemas.twt.jedi.thewizardstroubles"
        }
      },
      "oauth_client": [
        {
          "client_id": "540299483527-kcu3nphjem9us173ahhod5g9mj5kja9d.apps.googleusercontent.com",
          "client_type": 1,
          "android_info": {
            "package_name": "co.edu.ecosistemas.twt.jedi.thewizardstroubles",
            "certificate_hash": "8600cbeef2606faaac73532de6e66fe6f27e347d"
          }
        },
        {
          "client_id": "540299483527-ibqpb6sc9kh1uehdk4ksl4mqnu82g1gd.apps.googleusercontent.com",
          "client_type": 3
        }
      ],
      "api_key": [
        {
          "current_key": "AIzaSyBlxdHq2tA-oyQ3laZW1aXBCEWyH_crFFs"
        }
      ],
      "services": {
        "appinvite_service": {
          "other_platform_oauth_client": [
            {
              "client_id": "540299483527-ibqpb6sc9kh1uehdk4ksl4mqnu82g1gd.apps.googleusercontent.com",
              "client_type": 3
            }
          ]
        }
      }
    }
  ],
  "configuration_version": "1"
}